{
	"format_version": "1.8.0",
	"animations": {
		"formed": {
			"loop": "hold_on_last_frame",
			"animation_length": 1.5,
			"bones": {
				"VoxelShapes2": {
					"rotation": {
						"0.0": {
							"post": [0, 0, 0],
							"lerp_mode": "catmullrom"
						},
						"0.3333": {
							"post": [2.5, 0, 0],
							"lerp_mode": "catmullrom"
						},
						"0.5": {
							"post": [7.5, 0, 0],
							"lerp_mode": "catmullrom"
						},
						"0.7917": {
							"post": [-9.6, 0, 0],
							"lerp_mode": "catmullrom"
						},
						"0.875": {
							"post": [-4, 0, 0],
							"lerp_mode": "catmullrom"
						},
						"0.9167": [-3.72616, 0, 0],
						"0.9583": [-2.73936, 0, 0],
						"1.0": [-1.25955, 0, 0],
						"1.0417": [-0.27338, 0, 0],
						"1.0833": [0, 0, 0],
						"1.125": [1.86803, 1.86803, 1.86803],
						"1.1667": [5.89537, 5.89537, 5.89537],
						"1.2083": [10.97878, 10.97878, 10.97878],
						"1.25": [16.61613, 16.61613, 16.61613],
						"1.3333": [28.37923, 28.37923, 28.37923],
						"1.375": [34.01688, 34.01688, 34.01688],
						"1.4167": [39.10089, 39.10089, 39.10089],
						"1.4583": [43.1294, 43.1294, 43.1294],
						"1.5": [45, 45, 45]
					},
					"position": {
						"0.0": {
							"post": [0, 0, 0],
							"lerp_mode": "catmullrom"
						},
						"0.625": {
							"post": [0, 3.4, 0],
							"lerp_mode": "catmullrom"
						},
						"0.75": {
							"post": [0, 3.67, 0],
							"lerp_mode": "catmullrom"
						},
						"0.875": {
							"post": [0, 3.8, 0],
							"lerp_mode": "catmullrom"
						},
						"1.0833": {
							"post": [0, 4, 0],
							"lerp_mode": "catmullrom"
						},
						"1.5": [0, 4, 0]
					}
				}
			}
		},
		"idle": {
			"loop": true,
			"animation_length": 2,
			"bones": {
				"VoxelShapes2": {
					"rotation": {
						"0.0": [45, 45, 45],
						"0.5": [43.13, 43.07, 43.23],
						"1.5": [44.23, 44.3, 44.23],
						"2.0": [45, 45, 45]
					},
					"position": {
						"0.0": {
							"post": [0, 4, 0],
							"lerp_mode": "catmullrom"
						},
						"0.5": {
							"post": [0, 3.75, 0],
							"lerp_mode": "catmullrom"
						},
						"1.0": {
							"post": [0, 3.9, 0],
							"lerp_mode": "catmullrom"
						},
						"1.5": {
							"post": [0, 3.75, 0],
							"lerp_mode": "catmullrom"
						},
						"2.0": {
							"post": [0, 4, 0],
							"lerp_mode": "catmullrom"
						}
					}
				}
			}
		}
	},
	"geckolib_format_version": 2
}